Platform,Initial_Followers,Final_Followers,Total_Growth_Percent,Avg_Daily_Growth_Percent,Avg_Engagement_Rate,Total_Engagement,Avg_Posts_Per_Day
Facebook,50496,69288,37.21482889733841,0.08700676674349846,3.276989798673941,1343586,1.873972602739726
Instagram,79358,111124,40.0287305627662,0.09278956885513201,5.544240161938769,3644588,1.8684931506849316
Twitter,29877,49871,66.92104294273187,0.14108869248699535,2.198621061148843,626169,1.9616438356164383
YouTube,119216,180251,51.1969869816132,0.11436962618858895,4.330407805457232,4410699,1.8876712328767122
TikTok,155349,236807,52.43548397479224,0.11656633210888148,9.003037955545222,12610735,1.9835616438356165
LinkedIn,19675,38285,94.58703939008895,0.18320172012009364,1.650593115447857,332717,1.9123287671232876
